rank,model_id,provider_name,provider_model_id,provider_score,avg_tps,avg_ttft_ms,input_cost_per_token,output_cost_per_token,is_free_tier,free_tier_quality,avg_agentic_coding_score
1,qwen3-235b-a22b-thinking-2507,iflowcn,qwen3-235b-a22b-thinking-2507,78.96242249753382,,,0.0,0.0,1,high,78.96242249753382
2,gpt-oss-20b,openrouter,openai/gpt-oss-20b:free,72.63625756508249,,,0.0,0.0,1,high,72.63625756508249
3,gpt-oss-20b,lmstudio,openai/gpt-oss-20b,72.63625756508249,,,0.0,0.0,1,high,72.63625756508249
4,gpt-oss-20b,kilo,openai/gpt-oss-20b:free,72.63625756508249,,,0.0,0.0,1,high,72.63625756508249
5,qwen3-max,iflowcn,qwen3-max,71.78153608934987,,,0.0,0.0,1,high,71.78153608934987
6,nvidia-nemotron-nano-9b-v2,openrouter,nvidia/nemotron-nano-9b-v2:free,70.09999999999998,,,0.0,0.0,1,high,70.09999999999998
7,nvidia-nemotron-nano-9b-v2,kilo,nvidia/nemotron-nano-9b-v2:free,70.09999999999998,,,0.0,0.0,1,high,70.09999999999998
8,minimax-m2,minimax-cn-coding-plan,MiniMax-M2,68.54322463092696,,,0.0,0.0,1,high,68.54322463092696
9,minimax-m2,minimax-coding-plan,MiniMax-M2,68.54322463092696,,,0.0,0.0,1,high,68.54322463092696
10,glm-5,alibaba-coding-plan,glm-5,64.58947221378497,,,0.0,0.0,1,high,64.58947221378497
11,glm-5,alibaba-coding-plan-cn,glm-5,64.58947221378497,,,0.0,0.0,1,high,64.58947221378497
12,glm-5,zhipuai-coding-plan,glm-5,64.58947221378497,,,0.0,0.0,1,high,64.58947221378497
13,glm-5,zai-coding-plan,glm-5,64.58947221378497,,,0.0,0.0,1,high,64.58947221378497
14,kimi-k2-5,alibaba-coding-plan,kimi-k2.5,64.49477924655716,,,0.0,0.0,1,high,64.49477924655716
15,kimi-k2-5,alibaba-coding-plan-cn,kimi-k2.5,64.49477924655716,,,0.0,0.0,1,high,64.49477924655716
16,minimax-m2-5,alibaba-coding-plan,MiniMax-M2.5,64.11920814420687,,,0.0,0.0,1,high,64.11920814420687
17,minimax-m2-5,minimax-cn-coding-plan,MiniMax-M2.5,64.11920814420687,,,0.0,0.0,1,high,64.11920814420687
18,minimax-m2-5,alibaba-coding-plan-cn,MiniMax-M2.5,64.11920814420687,,,0.0,0.0,1,high,64.11920814420687
19,minimax-m2-5,minimax-coding-plan,MiniMax-M2.5,64.11920814420687,,,0.0,0.0,1,high,64.11920814420687
20,kimi-k2-0905,iflowcn,kimi-k2-0905,61.00000000000001,,,0.0,0.0,1,high,61.00000000000001
21,kimi-k2-thinking,kimi-for-coding,kimi-k2-thinking,60.307765792463826,,,0.0,0.0,1,high,60.307765792463826
22,deepseek-v3-2,iflowcn,deepseek-v3.2,60.13071886114806,,,0.0,0.0,1,high,60.13071886114806
23,qwen3-coder-30b-a3b,privatemode-ai,qwen3-coder-30b-a3b,58.50000000000001,,,0.0,0.0,1,high,58.50000000000001
24,minimax-m2-1,minimax-cn-coding-plan,MiniMax-M2.1,58.467699123180196,,,0.0,0.0,1,high,58.467699123180196
25,minimax-m2-1,minimax-coding-plan,MiniMax-M2.1,58.467699123180196,,,0.0,0.0,1,high,58.467699123180196
26,glm-4-7,alibaba-coding-plan,glm-4.7,55.88520543174437,,,0.0,0.0,1,high,55.88520543174437
27,glm-4-7,kuae-cloud-coding-plan,GLM-4.7,55.88520543174437,,,0.0,0.0,1,high,55.88520543174437
28,glm-4-7,alibaba-coding-plan-cn,glm-4.7,55.88520543174437,,,0.0,0.0,1,high,55.88520543174437
29,glm-4-7,zhipuai-coding-plan,glm-4.7,55.88520543174437,,,0.0,0.0,1,high,55.88520543174437
30,glm-4-7,zai-coding-plan,glm-4.7,55.88520543174437,,,0.0,0.0,1,high,55.88520543174437
31,glm-4-5-air,zhipuai-coding-plan,glm-4.5-air,53.81732786517024,,,0.0,0.0,1,high,53.81732786517024
32,glm-4-5-air,zai-coding-plan,glm-4.5-air,53.81732786517024,,,0.0,0.0,1,high,53.81732786517024
33,deepseek-r1,iflowcn,deepseek-r1,53.552850249703056,,,0.0,0.0,1,high,53.552850249703056
34,gpt-5-nano,opencode,gpt-5-nano,52.55380321712147,,,0.0,0.0,1,high,52.55380321712147
35,devstral-2512,openrouter,mistralai/devstral-2512:free,51.394298794896486,,,0.0,0.0,1,high,51.394298794896486
36,devstral-2512,cortecs,devstral-2512,51.394298794896486,,,0.0,0.0,1,high,51.394298794896486
37,glm-4-5,zhipuai-coding-plan,glm-4.5,49.16300690600849,,,0.0,0.0,1,high,49.16300690600849
38,glm-4-5,zai-coding-plan,glm-4.5,49.16300690600849,,,0.0,0.0,1,high,49.16300690600849
39,glm-4-6,iflowcn,glm-4.6,47.29499120623104,,,0.0,0.0,1,high,47.29499120623104
40,glm-4-6,zhipuai-coding-plan,glm-4.6,47.29499120623104,,,0.0,0.0,1,high,47.29499120623104
41,glm-4-6,zai-coding-plan,glm-4.6,47.29499120623104,,,0.0,0.0,1,high,47.29499120623104
42,glm-4-6v,zhipuai-coding-plan,glm-4.6v,41.10000000000001,,,0.0,0.0,1,high,41.10000000000001
43,glm-4-6v,zai-coding-plan,glm-4.6v,41.10000000000001,,,0.0,0.0,1,high,41.10000000000001
44,qwen3-coder-next,alibaba-coding-plan,qwen3-coder-next,40.0,,,0.0,0.0,1,high,40.0
45,qwen3-coder-next,alibaba-coding-plan-cn,qwen3-coder-next,40.0,,,0.0,0.0,1,high,40.0
46,qwen3-32b,iflowcn,qwen3-32b,39.28891933176167,,,0.0,0.0,1,high,39.28891933176167
47,gpt-oss-120b,openrouter,openai/gpt-oss-120b:free,38.338293395156576,,,0.0,0.0,1,high,38.338293395156576
48,gpt-oss-120b,nvidia,openai/gpt-oss-120b,38.338293395156576,,,0.0,0.0,1,high,38.338293395156576
49,gpt-oss-120b,privatemode-ai,gpt-oss-120b,38.338293395156576,,,0.0,0.0,1,high,38.338293395156576
50,gpt-oss-120b,kilo,openai/gpt-oss-120b:free,38.338293395156576,,,0.0,0.0,1,high,38.338293395156576
51,gpt-oss-120b,cortecs,gpt-oss-120b,38.338293395156576,,,0.0,0.0,1,high,38.338293395156576
52,devstral-2-123b-instruct-2512,nvidia,mistralai/devstral-2-123b-instruct-2512,37.5,,,0.0,0.0,1,high,37.5
53,nvidia-llama-3-3-nemotron-super-49b-v1,nvidia,nvidia/llama-3.3-nemotron-super-49b-v1,36.7753321646128,,,0.0,0.0,1,high,36.7753321646128
54,llama-3-1-405b-instruct,cortecs,llama-3.1-405b-instruct,36.43209313537063,,,0.0,0.0,1,high,36.43209313537063
55,glm-4-5v,zhipuai-coding-plan,glm-4.5v,35.199999999999996,,,0.0,0.0,1,high,35.199999999999996
56,glm-4-5v,zai-coding-plan,glm-4.5v,35.199999999999996,,,0.0,0.0,1,high,35.199999999999996
57,nvidia-nemotron-nano-12b-v2-vl,openrouter,nvidia/nemotron-nano-12b-v2-vl:free,34.50000000000001,,,0.0,0.0,1,high,34.50000000000001
58,nvidia-nemotron-nano-12b-v2-vl,kilo,nvidia/nemotron-nano-12b-v2-vl:free,34.50000000000001,,,0.0,0.0,1,high,34.50000000000001
59,llama-3-3-70b-instruct,llama,llama-3.3-70b-instruct,34.43202893991029,,,0.0,0.0,1,high,34.43202893991029
60,glm-4-7-flash,zai,glm-4.7-flash,25.399999999999995,,,0.0,0.0,1,high,25.399999999999995
61,glm-4-7-flash,zhipuai,glm-4.7-flash,25.399999999999995,,,0.0,0.0,1,high,25.399999999999995
62,glm-4-7-flash,zai-coding-plan,glm-4.7-flash,25.399999999999995,,,0.0,0.0,1,high,25.399999999999995
63,gemma-3n-e4b-it,openrouter,google/gemma-3n-e4b-it:free,23.165105716345046,,,0.0,0.0,1,high,23.165105716345046
64,gemma-3n-e4b-it,nvidia,google/gemma-3n-e4b-it,23.165105716345046,,,0.0,0.0,1,high,23.165105716345046
65,gemma-3n-e4b-it,kilo,google/gemma-3n-e4b-it:free,23.165105716345046,,,0.0,0.0,1,high,23.165105716345046
66,nvidia-llama-3-1-nemotron-51b-instruct,nvidia,nvidia/llama-3.1-nemotron-51b-instruct,22.414603587090227,,,0.0,0.0,1,high,22.414603587090227
67,gemma-3-4b-it,openrouter,google/gemma-3-4b-it:free,18.636990857526392,,,0.0,0.0,1,high,18.636990857526392
68,gemma-3-4b-it,kilo,google/gemma-3-4b-it:free,18.636990857526392,,,0.0,0.0,1,high,18.636990857526392
69,gemma-3-27b,privatemode-ai,gemma-3-27b,13.7,,,0.0,0.0,1,high,13.7
70,meta-llama3-8b-instruct,nvidia,meta/llama3-8b-instruct,13.362126597569105,,,0.0,0.0,1,high,13.362126597569105
71,coding-glm-4-7-free,aihubmix,coding-glm-4.7-free,,,,0.0,0.0,1,high,
72,coding-glm-5-free,aihubmix,coding-glm-5-free,,,,0.0,0.0,1,high,
73,coding-minimax-m2-1-free,aihubmix,coding-minimax-m2.1-free,,,,0.0,0.0,1,high,
74,deepseek-r1-distill-llama-8b,alibaba-cn,deepseek-r1-distill-llama-8b,,,,0.0,0.0,1,high,
75,deepseek-r1-distill-qwen-1-5b,alibaba-cn,deepseek-r1-distill-qwen-1-5b,,,,0.0,0.0,1,high,
76,qwen3-5-plus,alibaba-coding-plan,qwen3.5-plus,,,,0.0,0.0,1,high,
77,qwen3-coder-plus,alibaba-coding-plan,qwen3-coder-plus,,,,0.0,0.0,1,high,
78,qwen3-max-2026-01-23,alibaba-coding-plan,qwen3-max-2026-01-23,,,,0.0,0.0,1,high,
79,qwen3-5-plus,alibaba-coding-plan-cn,qwen3.5-plus,,,,0.0,0.0,1,high,
80,qwen3-coder-plus,alibaba-coding-plan-cn,qwen3-coder-plus,,,,0.0,0.0,1,high,
81,qwen3-max-2026-01-23,alibaba-coding-plan-cn,qwen3-max-2026-01-23,,,,0.0,0.0,1,high,
82,azure-ai-cohere-rerank-v3-5,azure_ai,azure_ai/cohere-rerank-v3.5,,,,0.0,0.0,1,high,
83,azure-ai-cohere-rerank-v3-english,azure_ai,azure_ai/cohere-rerank-v3-english,,,,0.0,0.0,1,high,
84,azure-ai-cohere-rerank-v3-multilingual,azure_ai,azure_ai/cohere-rerank-v3-multilingual,,,,0.0,0.0,1,high,
85,azure-ai-cohere-rerank-v4-0-fast,azure_ai,azure_ai/cohere-rerank-v4.0-fast,,,,0.0,0.0,1,high,
86,azure-ai-cohere-rerank-v4-0-pro,azure_ai,azure_ai/cohere-rerank-v4.0-pro,,,,0.0,0.0,1,high,
87,amazon-rerank-v1,bedrock,amazon.rerank-v1:0,,,,0.0,0.0,1,high,
88,cohere-rerank-v3-5,bedrock,cohere.rerank-v3-5:0,,,,0.0,0.0,1,high,
89,workers-ai-@cf-deepgram-aura-2-en,cloudflare-ai-gateway,workers-ai/@cf/deepgram/aura-2-en,,,,0.0,0.0,1,high,
90,workers-ai-@cf-deepgram-aura-2-es,cloudflare-ai-gateway,workers-ai/@cf/deepgram/aura-2-es,,,,0.0,0.0,1,high,
91,workers-ai-@cf-deepgram-nova-3,cloudflare-ai-gateway,workers-ai/@cf/deepgram/nova-3,,,,0.0,0.0,1,high,
92,workers-ai-@cf-facebook-bart-large-cnn,cloudflare-ai-gateway,workers-ai/@cf/facebook/bart-large-cnn,,,,0.0,0.0,1,high,
93,workers-ai-@cf-myshell-ai-melotts,cloudflare-ai-gateway,workers-ai/@cf/myshell-ai/melotts,,,,0.0,0.0,1,high,
94,workers-ai-@cf-pipecat-ai-smart-turn-v2,cloudflare-ai-gateway,workers-ai/@cf/pipecat-ai/smart-turn-v2,,,,0.0,0.0,1,high,
95,@cf-deepgram-aura-2-en,cloudflare-workers-ai,@cf/deepgram/aura-2-en,,,,0.0,0.0,1,high,
96,@cf-deepgram-aura-2-es,cloudflare-workers-ai,@cf/deepgram/aura-2-es,,,,0.0,0.0,1,high,
97,@cf-deepgram-nova-3,cloudflare-workers-ai,@cf/deepgram/nova-3,,,,0.0,0.0,1,high,
98,@cf-facebook-bart-large-cnn,cloudflare-workers-ai,@cf/facebook/bart-large-cnn,,,,0.0,0.0,1,high,
99,@cf-myshell-ai-melotts,cloudflare-workers-ai,@cf/myshell-ai/melotts,,,,0.0,0.0,1,high,
100,@cf-pipecat-ai-smart-turn-v2,cloudflare-workers-ai,@cf/pipecat-ai/smart-turn-v2,,,,0.0,0.0,1,high,
101,codestral-codestral-2405,codestral,codestral/codestral-2405,,,,0.0,0.0,1,high,
102,codestral-codestral-latest,codestral,codestral/codestral-latest,,,,0.0,0.0,1,high,
103,rerank-english-v2-0,cohere,rerank-english-v2.0,,,,0.0,0.0,1,high,
104,rerank-english-v3-0,cohere,rerank-english-v3.0,,,,0.0,0.0,1,high,
105,rerank-multilingual-v2-0,cohere,rerank-multilingual-v2.0,,,,0.0,0.0,1,high,
106,rerank-multilingual-v3-0,cohere,rerank-multilingual-v3.0,,,,0.0,0.0,1,high,
107,rerank-v3-5,cohere,rerank-v3.5,,,,0.0,0.0,1,high,
108,devstral-small-2512,cortecs,devstral-small-2512,,,,0.0,0.0,1,high,
109,fireworks-ai-accounts-fireworks-models-fireworks-asr-large,fireworks_ai,fireworks_ai/accounts/fireworks/models/fireworks-asr-large,,,,0.0,0.0,1,high,
110,fireworks-ai-accounts-fireworks-models-fireworks-asr-v2,fireworks_ai,fireworks_ai/accounts/fireworks/models/fireworks-asr-v2,,,,0.0,0.0,1,high,
111,fireworks-ai-accounts-fireworks-models-qwen3-embedding-0p6b,fireworks_ai,fireworks_ai/accounts/fireworks/models/qwen3-embedding-0p6b,,,,0.0,0.0,1,high,
112,fireworks-ai-accounts-fireworks-models-qwen3-embedding-4b,fireworks_ai,fireworks_ai/accounts/fireworks/models/qwen3-embedding-4b,,,,0.0,0.0,1,high,
113,fireworks-ai-accounts-fireworks-models-qwen3-reranker-0p6b,fireworks_ai,fireworks_ai/accounts/fireworks/models/qwen3-reranker-0p6b,,,,0.0,0.0,1,high,
114,fireworks-ai-accounts-fireworks-models-qwen3-reranker-4b,fireworks_ai,fireworks_ai/accounts/fireworks/models/qwen3-reranker-4b,,,,0.0,0.0,1,high,
115,fireworks-ai-accounts-fireworks-models-qwen3-reranker-8b,fireworks_ai,fireworks_ai/accounts/fireworks/models/qwen3-reranker-8b,,,,0.0,0.0,1,high,
116,fireworks-ai-accounts-fireworks-models-whisper-v3,fireworks_ai,fireworks_ai/accounts/fireworks/models/whisper-v3,,,,0.0,0.0,1,high,
117,fireworks-ai-accounts-fireworks-models-whisper-v3-turbo,fireworks_ai,fireworks_ai/accounts/fireworks/models/whisper-v3-turbo,,,,0.0,0.0,1,high,
118,fireworks-ai-default,fireworks_ai,fireworks-ai-default,,,,0.0,0.0,1,high,
119,gemini-2-0-flash-exp-image-generation,gemini,gemini-2.0-flash-exp-image-generation,,,,0.0,0.0,1,high,
120,gemini-gemini-2-0-flash-exp-image-generation,gemini,gemini/gemini-2.0-flash-exp-image-generation,,,,0.0,0.0,1,high,
121,gemini-gemini-exp-1114,gemini,gemini/gemini-exp-1114,,,,0.0,0.0,1,high,
122,gemini-gemini-exp-1206,gemini,gemini/gemini-exp-1206,,,,0.0,0.0,1,high,
123,gemini-gemma-3-27b-it,gemini,gemini/gemma-3-27b-it,,,,0.0,0.0,1,high,
124,gemini-learnlm-1-5-pro-experimental,gemini,gemini/learnlm-1.5-pro-experimental,,,,0.0,0.0,1,high,
125,gigachat-embeddings,gigachat,gigachat/Embeddings,,,,0.0,0.0,1,high,
126,gigachat-embeddings-2,gigachat,gigachat/Embeddings-2,,,,0.0,0.0,1,high,
127,gigachat-embeddingsgigar,gigachat,gigachat/EmbeddingsGigaR,,,,0.0,0.0,1,high,
128,gigachat-gigachat-2-lite,gigachat,gigachat/GigaChat-2-Lite,,,,0.0,0.0,1,high,
129,gigachat-gigachat-2-max,gigachat,gigachat/GigaChat-2-Max,,,,0.0,0.0,1,high,
130,gigachat-gigachat-2-pro,gigachat,gigachat/GigaChat-2-Pro,,,,0.0,0.0,1,high,
131,duo-chat-gpt-5-1,gitlab,duo-chat-gpt-5-1,,,,0.0,0.0,1,high,
132,duo-chat-gpt-5-2,gitlab,duo-chat-gpt-5-2,,,,0.0,0.0,1,high,
133,duo-chat-gpt-5-2-codex,gitlab,duo-chat-gpt-5-2-codex,,,,0.0,0.0,1,high,
134,duo-chat-gpt-5-codex,gitlab,duo-chat-gpt-5-codex,,,,0.0,0.0,1,high,
135,duo-chat-gpt-5-mini,gitlab,duo-chat-gpt-5-mini,,,,0.0,0.0,1,high,
136,duo-chat-haiku-4-5,gitlab,duo-chat-haiku-4-5,,,,0.0,0.0,1,high,
137,duo-chat-opus-4-5,gitlab,duo-chat-opus-4-5,,,,0.0,0.0,1,high,
138,duo-chat-opus-4-6,gitlab,duo-chat-opus-4-6,,,,0.0,0.0,1,high,
139,duo-chat-sonnet-4-5,gitlab,duo-chat-sonnet-4-5,,,,0.0,0.0,1,high,
140,duo-chat-sonnet-4-6,gitlab,duo-chat-sonnet-4-6,,,,0.0,0.0,1,high,
141,zai-org-glm-4-7-flash,huggingface,zai-org/GLM-4.7-Flash,,,,0.0,0.0,1,high,
142,deepseek-v3,iflowcn,deepseek-v3,,,,0.0,0.0,1,high,
143,kimi-k2,iflowcn,kimi-k2,,,,0.0,0.0,1,high,
144,qwen3-235b,iflowcn,qwen3-235b,,,,0.0,0.0,1,high,
145,qwen3-235b-a22b-instruct,iflowcn,qwen3-235b-a22b-instruct,,,,0.0,0.0,1,high,
146,qwen3-coder-plus,iflowcn,qwen3-coder-plus,,,,0.0,0.0,1,high,
147,qwen3-max-preview,iflowcn,qwen3-max-preview,,,,0.0,0.0,1,high,
148,qwen3-vl-plus,iflowcn,qwen3-vl-plus,,,,0.0,0.0,1,high,
149,xiaomimimo-mimo-v2-flash,jiekou,xiaomimimo/mimo-v2-flash,,,,0.0,0.0,1,high,
150,arcee-ai-trinity-large-preview,kilo,arcee-ai/trinity-large-preview:free,,,,0.0,0.0,1,high,
151,arcee-ai-trinity-mini,kilo,arcee-ai/trinity-mini:free,,,,0.0,0.0,1,high,
152,aurora-alpha,kilo,openrouter/aurora-alpha,,,,0.0,0.0,1,high,
153,cognitivecomputations-dolphin-mistral-24b-venice-edition,kilo,cognitivecomputations/dolphin-mistral-24b-venice-edition:free,,,,0.0,0.0,1,high,
154,deepseek-deepseek-r1-0528,kilo,deepseek/deepseek-r1-0528:free,,,,0.0,0.0,1,high,
155,gemma-3-12b-it,kilo,google/gemma-3-12b-it:free,,,,0.0,0.0,1,high,
156,gemma-3-27b-it,kilo,google/gemma-3-27b-it:free,,,,0.0,0.0,1,high,
157,gemma-3n-e2b-it,kilo,google/gemma-3n-e2b-it:free,,,,0.0,0.0,1,high,
158,liquid-lfm-2-5-1-2b-instruct,kilo,liquid/lfm-2.5-1.2b-instruct:free,,,,0.0,0.0,1,high,
159,liquid-lfm-2-5-1-2b-thinking,kilo,liquid/lfm-2.5-1.2b-thinking:free,,,,0.0,0.0,1,high,
160,meta-llama-llama-3-2-3b-instruct,kilo,meta-llama/llama-3.2-3b-instruct:free,,,,0.0,0.0,1,high,
161,meta-llama-llama-3-3-70b-instruct,kilo,meta-llama/llama-3.3-70b-instruct:free,,,,0.0,0.0,1,high,
162,minimax-minimax-m2-5,kilo,minimax/minimax-m2.5:free,,,,0.0,0.0,1,high,
163,mistral-small-3-1-24b-instruct,kilo,mistralai/mistral-small-3.1-24b-instruct:free,,,,0.0,0.0,1,high,
164,nousresearch-hermes-3-llama-3-1-405b,kilo,nousresearch/hermes-3-llama-3.1-405b:free,,,,0.0,0.0,1,high,
165,nvidia-nemotron-3-nano-30b-a3b,kilo,nvidia/nemotron-3-nano-30b-a3b:free,,,,0.0,0.0,1,high,
166,qwen-qwen3-235b-a22b-thinking-2507,kilo,qwen/qwen3-235b-a22b-thinking-2507,,,,0.0,0.0,1,high,
167,qwen-qwen3-4b,kilo,qwen/qwen3-4b:free,,,,0.0,0.0,1,high,
168,qwen-qwen3-coder,kilo,qwen/qwen3-coder:free,,,,0.0,0.0,1,high,
169,qwen-qwen3-next-80b-a3b-instruct,kilo,qwen/qwen3-next-80b-a3b-instruct:free,,,,0.0,0.0,1,high,
170,qwen-qwen3-vl-235b-a22b-thinking,kilo,qwen/qwen3-vl-235b-a22b-thinking,,,,0.0,0.0,1,high,
171,qwen-qwen3-vl-30b-a3b-thinking,kilo,qwen/qwen3-vl-30b-a3b-thinking,,,,0.0,0.0,1,high,
172,stepfun-step-3-5-flash,kilo,stepfun/step-3.5-flash:free,,,,0.0,0.0,1,high,
173,z-ai-glm-4-5-air,kilo,z-ai/glm-4.5-air:free,,,,0.0,0.0,1,high,
174,z-ai-glm-5,kilo,z-ai/glm-5:free,,,,0.0,0.0,1,high,
175,k2p5,kimi-for-coding,k2p5,,,,0.0,0.0,1,high,
176,lemonade-gemma-3-4b-it-gguf,lemonade,lemonade/Gemma-3-4b-it-GGUF,,,,0.0,0.0,1,high,
177,lemonade-gpt-oss-120b-mxfp-gguf,lemonade,lemonade/gpt-oss-120b-mxfp-GGUF,,,,0.0,0.0,1,high,
178,lemonade-gpt-oss-20b-mxfp4-gguf,lemonade,lemonade/gpt-oss-20b-mxfp4-GGUF,,,,0.0,0.0,1,high,
179,lemonade-qwen3-4b-instruct-2507-gguf,lemonade,lemonade/Qwen3-4B-Instruct-2507-GGUF,,,,0.0,0.0,1,high,
180,lemonade-qwen3-coder-30b-a3b-instruct-gguf,lemonade,lemonade/Qwen3-Coder-30B-A3B-Instruct-GGUF,,,,0.0,0.0,1,high,
181,cerebras-llama-4-maverick-17b-128e-instruct,llama,cerebras-llama-4-maverick-17b-128e-instruct,,,,0.0,0.0,1,high,
182,cerebras-llama-4-scout-17b-16e-instruct,llama,cerebras-llama-4-scout-17b-16e-instruct,,,,0.0,0.0,1,high,
183,groq-llama-4-maverick-17b-128e-instruct,llama,groq-llama-4-maverick-17b-128e-instruct,,,,0.0,0.0,1,high,
184,llama-3-3-8b-instruct,llama,llama-3.3-8b-instruct,,,,0.0,0.0,1,high,
185,llama-4-maverick-17b-128e-instruct-fp8,llama,llama-4-maverick-17b-128e-instruct-fp8,,,,0.0,0.0,1,high,
186,llama-4-scout-17b-16e-instruct-fp8,llama,llama-4-scout-17b-16e-instruct-fp8,,,,0.0,0.0,1,high,
187,qwen-qwen3-30b-a3b-2507,lmstudio,qwen/qwen3-30b-a3b-2507,,,,0.0,0.0,1,high,
188,qwen-qwen3-coder-30b,lmstudio,qwen/qwen3-coder-30b,,,,0.0,0.0,1,high,
189,mistral-small-3-2-24b-instruct-2506,meganova,mistralai/Mistral-Small-3.2-24B-Instruct-2506,,,,0.0,0.0,1,high,
190,minimax-m2-5-highspeed,minimax-cn-coding-plan,MiniMax-M2.5-highspeed,,,,0.0,0.0,1,high,
191,minimax-m2-5-highspeed,minimax-coding-plan,MiniMax-M2.5-highspeed,,,,0.0,0.0,1,high,
192,labs-devstral-small-2512,mistral,labs-devstral-small-2512,,,,0.0,0.0,1,high,
193,qwen-qwen3-235b-a22b-instruct-2507,modelscope,Qwen/Qwen3-235B-A22B-Instruct-2507,,,,0.0,0.0,1,high,
194,qwen-qwen3-235b-a22b-thinking-2507,modelscope,Qwen/Qwen3-235B-A22B-Thinking-2507,,,,0.0,0.0,1,high,
195,qwen-qwen3-30b-a3b-instruct-2507,modelscope,Qwen/Qwen3-30B-A3B-Instruct-2507,,,,0.0,0.0,1,high,
196,qwen-qwen3-30b-a3b-thinking-2507,modelscope,Qwen/Qwen3-30B-A3B-Thinking-2507,,,,0.0,0.0,1,high,
197,qwen-qwen3-coder-30b-a3b-instruct,modelscope,Qwen/Qwen3-Coder-30B-A3B-Instruct,,,,0.0,0.0,1,high,
198,zhipuai-glm-4-5,modelscope,ZhipuAI/GLM-4.5,,,,0.0,0.0,1,high,
199,zhipuai-glm-4-6,modelscope,ZhipuAI/GLM-4.6,,,,0.0,0.0,1,high,
200,auto-model,nano-gpt,auto-model,,,,0.0,0.0,1,high,
201,black-forest-labs-flux-dev,nebius,black-forest-labs/flux-dev,,,,0.0,0.0,1,high,
202,black-forest-labs-flux-schnell,nebius,black-forest-labs/flux-schnell,,,,0.0,0.0,1,high,
203,nova-2-lite-v1,nova,nova-2-lite-v1,,,,0.0,0.0,1,high,
204,nova-2-pro-v1,nova,nova-2-pro-v1,,,,0.0,0.0,1,high,
205,kwaipilot-kat-coder,novita-ai,kwaipilot/kat-coder,,,,0.0,0.0,1,high,
206,black-forest-labs-flux-1-dev,nvidia,black-forest-labs/flux.1-dev,,,,0.0,0.0,1,high,
207,codegemma-1-1-7b,nvidia,google/codegemma-1.1-7b,,,,0.0,0.0,1,high,
208,codegemma-7b,nvidia,google/codegemma-7b,,,,0.0,0.0,1,high,
209,codestral-22b-instruct-v0-1,nvidia,mistralai/codestral-22b-instruct-v0.1,,,,0.0,0.0,1,high,
210,deepseek-ai-deepseek-coder-6-7b-instruct,nvidia,deepseek-ai/deepseek-coder-6.7b-instruct,,,,0.0,0.0,1,high,
211,deepseek-ai-deepseek-r1,nvidia,deepseek-ai/deepseek-r1,,,,0.0,0.0,1,high,
212,deepseek-ai-deepseek-r1-0528,nvidia,deepseek-ai/deepseek-r1-0528,,,,0.0,0.0,1,high,
213,deepseek-ai-deepseek-v3-1,nvidia,deepseek-ai/deepseek-v3.1,,,,0.0,0.0,1,high,
214,deepseek-ai-deepseek-v3-1-terminus,nvidia,deepseek-ai/deepseek-v3.1-terminus,,,,0.0,0.0,1,high,
215,deepseek-ai-deepseek-v3-2,nvidia,deepseek-ai/deepseek-v3.2,,,,0.0,0.0,1,high,
216,gemma-2-27b-it,nvidia,google/gemma-2-27b-it,,,,0.0,0.0,1,high,
217,gemma-2-2b-it,nvidia,google/gemma-2-2b-it,,,,0.0,0.0,1,high,
218,gemma-3-12b-it,nvidia,google/gemma-3-12b-it,,,,0.0,0.0,1,high,
219,gemma-3-1b-it,nvidia,google/gemma-3-1b-it,,,,0.0,0.0,1,high,
220,gemma-3-27b-it,nvidia,google/gemma-3-27b-it,,,,0.0,0.0,1,high,
221,gemma-3n-e2b-it,nvidia,google/gemma-3n-e2b-it,,,,0.0,0.0,1,high,
222,mamba-codestral-7b-v0-1,nvidia,mistralai/mamba-codestral-7b-v0.1,,,,0.0,0.0,1,high,
223,meta-codellama-70b,nvidia,meta/codellama-70b,,,,0.0,0.0,1,high,
224,meta-llama-3-1-405b-instruct,nvidia,meta/llama-3.1-405b-instruct,,,,0.0,0.0,1,high,
225,meta-llama-3-1-70b-instruct,nvidia,meta/llama-3.1-70b-instruct,,,,0.0,0.0,1,high,
226,meta-llama-3-2-11b-vision-instruct,nvidia,meta/llama-3.2-11b-vision-instruct,,,,0.0,0.0,1,high,
227,meta-llama-3-2-1b-instruct,nvidia,meta/llama-3.2-1b-instruct,,,,0.0,0.0,1,high,
228,meta-llama-3-3-70b-instruct,nvidia,meta/llama-3.3-70b-instruct,,,,0.0,0.0,1,high,
229,meta-llama-4-maverick-17b-128e-instruct,nvidia,meta/llama-4-maverick-17b-128e-instruct,,,,0.0,0.0,1,high,
230,meta-llama-4-scout-17b-16e-instruct,nvidia,meta/llama-4-scout-17b-16e-instruct,,,,0.0,0.0,1,high,
231,meta-llama3-70b-instruct,nvidia,meta/llama3-70b-instruct,,,,0.0,0.0,1,high,
232,microsoft-phi-3-5-moe-instruct,nvidia,microsoft/phi-3.5-moe-instruct,,,,0.0,0.0,1,high,
233,microsoft-phi-3-5-vision-instruct,nvidia,microsoft/phi-3.5-vision-instruct,,,,0.0,0.0,1,high,
234,microsoft-phi-3-medium-128k-instruct,nvidia,microsoft/phi-3-medium-128k-instruct,,,,0.0,0.0,1,high,
235,microsoft-phi-3-medium-4k-instruct,nvidia,microsoft/phi-3-medium-4k-instruct,,,,0.0,0.0,1,high,
236,microsoft-phi-3-small-128k-instruct,nvidia,microsoft/phi-3-small-128k-instruct,,,,0.0,0.0,1,high,
237,microsoft-phi-3-small-8k-instruct,nvidia,microsoft/phi-3-small-8k-instruct,,,,0.0,0.0,1,high,
238,microsoft-phi-3-vision-128k-instruct,nvidia,microsoft/phi-3-vision-128k-instruct,,,,0.0,0.0,1,high,
239,microsoft-phi-4-mini-instruct,nvidia,microsoft/phi-4-mini-instruct,,,,0.0,0.0,1,high,
240,minimaxai-minimax-m2-1,nvidia,minimaxai/minimax-m2.1,,,,0.0,0.0,1,high,
241,minimaxai-minimax-m2-5,nvidia,minimaxai/minimax-m2.5,,,,0.0,0.0,1,high,
242,ministral-14b-instruct-2512,nvidia,mistralai/ministral-14b-instruct-2512,,,,0.0,0.0,1,high,
243,mistral-large-2-instruct,nvidia,mistralai/mistral-large-2-instruct,,,,0.0,0.0,1,high,
244,mistral-large-3-675b-instruct-2512,nvidia,mistralai/mistral-large-3-675b-instruct-2512,,,,0.0,0.0,1,high,
245,mistral-small-3-1-24b-instruct-2503,nvidia,mistralai/mistral-small-3.1-24b-instruct-2503,,,,0.0,0.0,1,high,
246,moonshotai-kimi-k2-5,nvidia,moonshotai/kimi-k2.5,,,,0.0,0.0,1,high,
247,moonshotai-kimi-k2-instruct,nvidia,moonshotai/kimi-k2-instruct,,,,0.0,0.0,1,high,
248,moonshotai-kimi-k2-instruct-0905,nvidia,moonshotai/kimi-k2-instruct-0905,,,,0.0,0.0,1,high,
249,moonshotai-kimi-k2-thinking,nvidia,moonshotai/kimi-k2-thinking,,,,0.0,0.0,1,high,
250,nvidia-cosmos-nemotron-34b,nvidia,nvidia/cosmos-nemotron-34b,,,,0.0,0.0,1,high,
251,nvidia-llama-3-1-nemotron-70b-instruct,nvidia,nvidia/llama-3.1-nemotron-70b-instruct,,,,0.0,0.0,1,high,
252,nvidia-llama-3-1-nemotron-ultra-253b-v1,nvidia,nvidia/llama-3.1-nemotron-ultra-253b-v1,,,,0.0,0.0,1,high,
253,nvidia-llama-3-3-nemotron-super-49b-v1-5,nvidia,nvidia/llama-3.3-nemotron-super-49b-v1.5,,,,0.0,0.0,1,high,
254,nvidia-llama-embed-nemotron-8b,nvidia,nvidia/llama-embed-nemotron-8b,,,,0.0,0.0,1,high,
255,nvidia-llama3-chatqa-1-5-70b,nvidia,nvidia/llama3-chatqa-1.5-70b,,,,0.0,0.0,1,high,
256,nvidia-nemoretriever-ocr-v1,nvidia,nvidia/nemoretriever-ocr-v1,,,,0.0,0.0,1,high,
257,nvidia-nemotron-3-nano-30b-a3b,nvidia,nvidia/nemotron-3-nano-30b-a3b,,,,0.0,0.0,1,high,
258,nvidia-nemotron-4-340b-instruct,nvidia,nvidia/nemotron-4-340b-instruct,,,,0.0,0.0,1,high,
259,nvidia-nvidia-nemotron-nano-9b-v2,nvidia,nvidia/nvidia-nemotron-nano-9b-v2,,,,0.0,0.0,1,high,
260,nvidia-parakeet-tdt-0-6b-v2,nvidia,nvidia/parakeet-tdt-0.6b-v2,,,,0.0,0.0,1,high,
261,qwen-qwen2-5-coder-32b-instruct,nvidia,qwen/qwen2.5-coder-32b-instruct,,,,0.0,0.0,1,high,
262,qwen-qwen2-5-coder-7b-instruct,nvidia,qwen/qwen2.5-coder-7b-instruct,,,,0.0,0.0,1,high,
263,qwen-qwen3-235b-a22b,nvidia,qwen/qwen3-235b-a22b,,,,0.0,0.0,1,high,
264,qwen-qwen3-5-397b-a17b,nvidia,qwen/qwen3.5-397b-a17b,,,,0.0,0.0,1,high,
265,qwen-qwen3-coder-480b-a35b-instruct,nvidia,qwen/qwen3-coder-480b-a35b-instruct,,,,0.0,0.0,1,high,
266,qwen-qwen3-next-80b-a3b-instruct,nvidia,qwen/qwen3-next-80b-a3b-instruct,,,,0.0,0.0,1,high,
267,qwen-qwen3-next-80b-a3b-thinking,nvidia,qwen/qwen3-next-80b-a3b-thinking,,,,0.0,0.0,1,high,
268,qwen-qwq-32b,nvidia,qwen/qwq-32b,,,,0.0,0.0,1,high,
269,stepfun-ai-step-3-5-flash,nvidia,stepfun-ai/step-3.5-flash,,,,0.0,0.0,1,high,
270,whisper-large-v3,nvidia,openai/whisper-large-v3,,,,0.0,0.0,1,high,
271,z-ai-glm4-7,nvidia,z-ai/glm4.7,,,,0.0,0.0,1,high,
272,z-ai-glm5,nvidia,z-ai/glm5,,,,0.0,0.0,1,high,
273,nvidia-nim-nvidia-llama-3-2-nv-rerankqa-1b-v2,nvidia_nim,nvidia_nim/nvidia/llama-3_2-nv-rerankqa-1b-v2,,,,0.0,0.0,1,high,
274,nvidia-nim-nvidia-nv-rerankqa-mistral-4b-v3,nvidia_nim,nvidia_nim/nvidia/nv-rerankqa-mistral-4b-v3,,,,0.0,0.0,1,high,
275,nvidia-nim-ranking-nvidia-llama-3-2-nv-rerankqa-1b-v2,nvidia_nim,nvidia_nim/ranking/nvidia/llama-3.2-nv-rerankqa-1b-v2,,,,0.0,0.0,1,high,
276,ollama-codegeex4,ollama,ollama/codegeex4,,,,0.0,0.0,1,high,
277,ollama-codegemma,ollama,ollama/codegemma,,,,0.0,0.0,1,high,
278,ollama-codellama,ollama,ollama/codellama,,,,0.0,0.0,1,high,
279,ollama-deepseek-coder-v2-base,ollama,ollama/deepseek-coder-v2-base,,,,0.0,0.0,1,high,
280,ollama-deepseek-coder-v2-instruct,ollama,ollama/deepseek-coder-v2-instruct,,,,0.0,0.0,1,high,
281,ollama-deepseek-coder-v2-lite-base,ollama,ollama/deepseek-coder-v2-lite-base,,,,0.0,0.0,1,high,
282,ollama-deepseek-coder-v2-lite-instruct,ollama,ollama/deepseek-coder-v2-lite-instruct,,,,0.0,0.0,1,high,
283,ollama-deepseek-v3-1,ollama,ollama/deepseek-v3.1:671b-cloud,,,,0.0,0.0,1,high,
284,ollama-gpt-oss,ollama,ollama/gpt-oss:120b-cloud,,,,0.0,0.0,1,high,
285,ollama-gpt-oss,ollama,ollama/gpt-oss:20b-cloud,,,,0.0,0.0,1,high,
286,ollama-internlm2-5-20b-chat,ollama,ollama/internlm2_5-20b-chat,,,,0.0,0.0,1,high,
287,ollama-llama2,ollama,ollama/llama2,,,,0.0,0.0,1,high,
288,ollama-llama2,ollama,ollama/llama2:13b,,,,0.0,0.0,1,high,
289,ollama-llama2,ollama,ollama/llama2:70b,,,,0.0,0.0,1,high,
290,ollama-llama2,ollama,ollama/llama2:7b,,,,0.0,0.0,1,high,
291,ollama-llama2-uncensored,ollama,ollama/llama2-uncensored,,,,0.0,0.0,1,high,
292,ollama-llama3,ollama,ollama/llama3,,,,0.0,0.0,1,high,
293,ollama-llama3,ollama,ollama/llama3:70b,,,,0.0,0.0,1,high,
294,ollama-llama3,ollama,ollama/llama3:8b,,,,0.0,0.0,1,high,
295,ollama-llama3-1,ollama,ollama/llama3.1,,,,0.0,0.0,1,high,
296,ollama-mistral,ollama,ollama/mistral,,,,0.0,0.0,1,high,
297,ollama-mistral-7b-instruct-v0-1,ollama,ollama/mistral-7B-Instruct-v0.1,,,,0.0,0.0,1,high,
298,ollama-mistral-7b-instruct-v0-2,ollama,ollama/mistral-7B-Instruct-v0.2,,,,0.0,0.0,1,high,
299,ollama-mistral-large-instruct-2407,ollama,ollama/mistral-large-instruct-2407,,,,0.0,0.0,1,high,
300,ollama-mixtral-8x22b-instruct-v0-1,ollama,ollama/mixtral-8x22B-Instruct-v0.1,,,,0.0,0.0,1,high,
301,ollama-mixtral-8x7b-instruct-v0-1,ollama,ollama/mixtral-8x7B-Instruct-v0.1,,,,0.0,0.0,1,high,
302,ollama-orca-mini,ollama,ollama/orca-mini,,,,0.0,0.0,1,high,
303,ollama-qwen3-coder,ollama,ollama/qwen3-coder:480b-cloud,,,,0.0,0.0,1,high,
304,ollama-vicuna,ollama,ollama/vicuna,,,,0.0,0.0,1,high,
305,sample-spec,one of https://docs.litellm.ai/docs/providers,sample_spec,,,,0.0,0.0,1,high,
306,omni-moderation-2024-09-26,openai,omni-moderation-2024-09-26,,,,0.0,0.0,1,high,
307,omni-moderation-latest,openai,omni-moderation-latest,,,,0.0,0.0,1,high,
308,text-moderation-007,openai,text-moderation-007,,,,0.0,0.0,1,high,
309,text-moderation-latest,openai,text-moderation-latest,,,,0.0,0.0,1,high,
310,text-moderation-stable,openai,text-moderation-stable,,,,0.0,0.0,1,high,
311,big-pickle,opencode,big-pickle,,,,0.0,0.0,1,high,
312,glm-4-7-free,opencode,glm-4.7-free,,,,0.0,0.0,1,high,
313,glm-5-free,opencode,glm-5-free,,,,0.0,0.0,1,high,
314,grok-code,opencode,grok-code,,,,0.0,0.0,1,high,
315,kimi-k2-5-free,opencode,kimi-k2.5-free,,,,0.0,0.0,1,high,
316,mimo-v2-flash-free,opencode,mimo-v2-flash-free,,,,0.0,0.0,1,high,
317,minimax-m2-1-free,opencode,minimax-m2.1-free,,,,0.0,0.0,1,high,
318,minimax-m2-5-free,opencode,minimax-m2.5-free,,,,0.0,0.0,1,high,
319,nemotron-3-super-free,opencode,nemotron-3-super-free,,,,0.0,0.0,1,high,
320,trinity-large-preview-free,opencode,trinity-large-preview-free,,,,0.0,0.0,1,high,
321,allenai-molmo-2-8b,openrouter,allenai/molmo-2-8b:free,,,,0.0,0.0,1,high,
322,arcee-ai-trinity-large-preview,openrouter,arcee-ai/trinity-large-preview:free,,,,0.0,0.0,1,high,
323,arcee-ai-trinity-mini,openrouter,arcee-ai/trinity-mini:free,,,,0.0,0.0,1,high,
324,aurora-alpha,openrouter,openrouter/aurora-alpha,,,,0.0,0.0,1,high,
325,black-forest-labs-flux-2-flex,openrouter,black-forest-labs/flux.2-flex,,,,0.0,0.0,1,high,
326,black-forest-labs-flux-2-klein-4b,openrouter,black-forest-labs/flux.2-klein-4b,,,,0.0,0.0,1,high,
327,black-forest-labs-flux-2-max,openrouter,black-forest-labs/flux.2-max,,,,0.0,0.0,1,high,
328,black-forest-labs-flux-2-pro,openrouter,black-forest-labs/flux.2-pro,,,,0.0,0.0,1,high,
329,bytedance-seed-seedream-4-5,openrouter,bytedance-seed/seedream-4.5,,,,0.0,0.0,1,high,
330,cognitivecomputations-dolphin-mistral-24b-venice-edition,openrouter,cognitivecomputations/dolphin-mistral-24b-venice-edition:free,,,,0.0,0.0,1,high,
331,cognitivecomputations-dolphin3-0-mistral-24b,openrouter,cognitivecomputations/dolphin3.0-mistral-24b,,,,0.0,0.0,1,high,
332,cognitivecomputations-dolphin3-0-r1-mistral-24b,openrouter,cognitivecomputations/dolphin3.0-r1-mistral-24b,,,,0.0,0.0,1,high,
333,deepseek-deepseek-r1,openrouter,deepseek/deepseek-r1:free,,,,0.0,0.0,1,high,
334,deepseek-deepseek-r1-0528,openrouter,deepseek/deepseek-r1-0528:free,,,,0.0,0.0,1,high,
335,deepseek-deepseek-r1-0528-qwen3-8b,openrouter,deepseek/deepseek-r1-0528-qwen3-8b:free,,,,0.0,0.0,1,high,
336,deepseek-deepseek-r1-distill-qwen-14b,openrouter,deepseek/deepseek-r1-distill-qwen-14b,,,,0.0,0.0,1,high,
337,deepseek-deepseek-v3-base,openrouter,deepseek/deepseek-v3-base:free,,,,0.0,0.0,1,high,
338,devstral-small-2505,openrouter,mistralai/devstral-small-2505:free,,,,0.0,0.0,1,high,
339,featherless-qwerky-72b,openrouter,featherless/qwerky-72b,,,,0.0,0.0,1,high,
340,free,openrouter,openrouter/free,,,,0.0,0.0,1,high,
341,gemini-2-0-flash-exp,openrouter,google/gemini-2.0-flash-exp:free,,,,0.0,0.0,1,high,
342,gemma-3-12b-it,openrouter,google/gemma-3-12b-it:free,,,,0.0,0.0,1,high,
343,gemma-3-27b-it,openrouter,google/gemma-3-27b-it:free,,,,0.0,0.0,1,high,
344,gemma-3n-e2b-it,openrouter,google/gemma-3n-e2b-it:free,,,,0.0,0.0,1,high,
345,healer-alpha,openrouter,openrouter/healer-alpha,,,,0.0,0.0,1,high,
346,hunter-alpha,openrouter,openrouter/hunter-alpha,,,,0.0,0.0,1,high,
347,kwaipilot-kat-coder-pro,openrouter,kwaipilot/kat-coder-pro:free,,,,0.0,0.0,1,high,
348,liquid-lfm-2-5-1-2b-instruct,openrouter,liquid/lfm-2.5-1.2b-instruct:free,,,,0.0,0.0,1,high,
349,liquid-lfm-2-5-1-2b-thinking,openrouter,liquid/lfm-2.5-1.2b-thinking:free,,,,0.0,0.0,1,high,
350,meta-llama-llama-3-1-405b-instruct,openrouter,meta-llama/llama-3.1-405b-instruct:free,,,,0.0,0.0,1,high,
351,meta-llama-llama-3-2-3b-instruct,openrouter,meta-llama/llama-3.2-3b-instruct:free,,,,0.0,0.0,1,high,
352,meta-llama-llama-3-3-70b-instruct,openrouter,meta-llama/llama-3.3-70b-instruct:free,,,,0.0,0.0,1,high,
353,meta-llama-llama-4-scout,openrouter,meta-llama/llama-4-scout:free,,,,0.0,0.0,1,high,
354,microsoft-mai-ds-r1,openrouter,microsoft/mai-ds-r1:free,,,,0.0,0.0,1,high,
355,mistral-7b-instruct,openrouter,mistralai/mistral-7b-instruct:free,,,,0.0,0.0,1,high,
356,mistral-nemo,openrouter,mistralai/mistral-nemo:free,,,,0.0,0.0,1,high,
357,mistral-small-3-1-24b-instruct,openrouter,mistralai/mistral-small-3.1-24b-instruct:free,,,,0.0,0.0,1,high,
358,mistral-small-3-2-24b-instruct,openrouter,mistralai/mistral-small-3.2-24b-instruct:free,,,,0.0,0.0,1,high,
359,moonshotai-kimi-dev-72b,openrouter,moonshotai/kimi-dev-72b:free,,,,0.0,0.0,1,high,
360,moonshotai-kimi-k2,openrouter,moonshotai/kimi-k2:free,,,,0.0,0.0,1,high,
361,nousresearch-deephermes-3-llama-3-8b-preview,openrouter,nousresearch/deephermes-3-llama-3-8b-preview,,,,0.0,0.0,1,high,
362,nousresearch-hermes-3-llama-3-1-405b,openrouter,nousresearch/hermes-3-llama-3.1-405b:free,,,,0.0,0.0,1,high,
363,nvidia-nemotron-3-nano-30b-a3b,openrouter,nvidia/nemotron-3-nano-30b-a3b:free,,,,0.0,0.0,1,high,
364,nvidia-nemotron-3-super-120b-a12b,openrouter,nvidia/nemotron-3-super-120b-a12b:free,,,,0.0,0.0,1,high,
365,openrouter-auto,openrouter,openrouter/openrouter/auto,,,,0.0,0.0,1,high,
366,openrouter-bodybuilder,openrouter,openrouter/openrouter/bodybuilder,,,,0.0,0.0,1,high,
367,openrouter-free,openrouter,openrouter/openrouter/free,,,,0.0,0.0,1,high,
368,qwen-qwen-2-5-vl-7b-instruct,openrouter,qwen/qwen-2.5-vl-7b-instruct:free,,,,0.0,0.0,1,high,
369,qwen-qwen2-5-vl-32b-instruct,openrouter,qwen/qwen2.5-vl-32b-instruct:free,,,,0.0,0.0,1,high,
370,qwen-qwen2-5-vl-72b-instruct,openrouter,qwen/qwen2.5-vl-72b-instruct:free,,,,0.0,0.0,1,high,
371,qwen-qwen3-14b,openrouter,qwen/qwen3-14b:free,,,,0.0,0.0,1,high,
372,qwen-qwen3-235b-a22b,openrouter,qwen/qwen3-235b-a22b:free,,,,0.0,0.0,1,high,
373,qwen-qwen3-235b-a22b-07-25,openrouter,qwen/qwen3-235b-a22b-07-25:free,,,,0.0,0.0,1,high,
374,qwen-qwen3-30b-a3b,openrouter,qwen/qwen3-30b-a3b:free,,,,0.0,0.0,1,high,
375,qwen-qwen3-32b,openrouter,qwen/qwen3-32b:free,,,,0.0,0.0,1,high,
376,qwen-qwen3-4b,openrouter,qwen/qwen3-4b:free,,,,0.0,0.0,1,high,
377,qwen-qwen3-8b,openrouter,qwen/qwen3-8b:free,,,,0.0,0.0,1,high,
378,qwen-qwen3-coder,openrouter,qwen/qwen3-coder:free,,,,0.0,0.0,1,high,
379,qwen-qwen3-next-80b-a3b-instruct,openrouter,qwen/qwen3-next-80b-a3b-instruct:free,,,,0.0,0.0,1,high,
380,qwen-qwq-32b,openrouter,qwen/qwq-32b:free,,,,0.0,0.0,1,high,
381,rekaai-reka-flash-3,openrouter,rekaai/reka-flash-3,,,,0.0,0.0,1,high,
382,sarvamai-sarvam-m,openrouter,sarvamai/sarvam-m:free,,,,0.0,0.0,1,high,
383,sherlock-dash-alpha,openrouter,openrouter/sherlock-dash-alpha,,,,0.0,0.0,1,high,
384,sherlock-think-alpha,openrouter,openrouter/sherlock-think-alpha,,,,0.0,0.0,1,high,
385,sourceful-riverflow-v2-fast-preview,openrouter,sourceful/riverflow-v2-fast-preview,,,,0.0,0.0,1,high,
386,sourceful-riverflow-v2-max-preview,openrouter,sourceful/riverflow-v2-max-preview,,,,0.0,0.0,1,high,
387,sourceful-riverflow-v2-standard-preview,openrouter,sourceful/riverflow-v2-standard-preview,,,,0.0,0.0,1,high,
388,stepfun-step-3-5-flash,openrouter,stepfun/step-3.5-flash:free,,,,0.0,0.0,1,high,
389,thudm-glm-z1-32b,openrouter,thudm/glm-z1-32b:free,,,,0.0,0.0,1,high,
390,tngtech-deepseek-r1t2-chimera,openrouter,tngtech/deepseek-r1t2-chimera:free,,,,0.0,0.0,1,high,
391,tngtech-tng-r1t-chimera,openrouter,tngtech/tng-r1t-chimera:free,,,,0.0,0.0,1,high,
392,z-ai-glm-4-5-air,openrouter,z-ai/glm-4.5-air:free,,,,0.0,0.0,1,high,
393,qwen3-embedding-4b,privatemode-ai,qwen3-embedding-4b,,,,0.0,0.0,1,high,
394,whisper-large-v3,privatemode-ai,whisper-large-v3,,,,0.0,0.0,1,high,
395,publicai-aisingapore-gemma-sea-lion-v4-27b-it,publicai,publicai/aisingapore/Gemma-SEA-LION-v4-27B-IT,,,,0.0,0.0,1,high,
396,publicai-aisingapore-qwen-sea-lion-v4-32b-it,publicai,publicai/aisingapore/Qwen-SEA-LION-v4-32B-IT,,,,0.0,0.0,1,high,
397,publicai-allenai-olmo-3-32b-think,publicai,publicai/allenai/Olmo-3-32B-Think,,,,0.0,0.0,1,high,
398,publicai-allenai-olmo-3-7b-instruct,publicai,publicai/allenai/Olmo-3-7B-Instruct,,,,0.0,0.0,1,high,
399,publicai-allenai-olmo-3-7b-think,publicai,publicai/allenai/Olmo-3-7B-Think,,,,0.0,0.0,1,high,
400,publicai-bsc-lt-alia-40b-instruct-q8-0,publicai,publicai/BSC-LT/ALIA-40b-instruct_Q8_0,,,,0.0,0.0,1,high,
401,publicai-bsc-lt-salamandra-7b-instruct-tools-16k,publicai,publicai/BSC-LT/salamandra-7b-instruct-tools-16k,,,,0.0,0.0,1,high,
402,publicai-swiss-ai-apertus-70b-instruct,publicai,publicai/swiss-ai/apertus-70b-instruct,,,,0.0,0.0,1,high,
403,publicai-swiss-ai-apertus-8b-instruct,publicai,publicai/swiss-ai/apertus-8b-instruct,,,,0.0,0.0,1,high,
404,sagemaker-meta-textgeneration-llama-2-13b,sagemaker,sagemaker/meta-textgeneration-llama-2-13b,,,,0.0,0.0,1,high,
405,sagemaker-meta-textgeneration-llama-2-13b-f,sagemaker,sagemaker/meta-textgeneration-llama-2-13b-f,,,,0.0,0.0,1,high,
406,sagemaker-meta-textgeneration-llama-2-70b,sagemaker,sagemaker/meta-textgeneration-llama-2-70b,,,,0.0,0.0,1,high,
407,sagemaker-meta-textgeneration-llama-2-70b-b-f,sagemaker,sagemaker/meta-textgeneration-llama-2-70b-b-f,,,,0.0,0.0,1,high,
408,sagemaker-meta-textgeneration-llama-2-7b,sagemaker,sagemaker/meta-textgeneration-llama-2-7b,,,,0.0,0.0,1,high,
409,sagemaker-meta-textgeneration-llama-2-7b-f,sagemaker,sagemaker/meta-textgeneration-llama-2-7b-f,,,,0.0,0.0,1,high,
410,sarvam-sarvam-m,sarvam,sarvam/sarvam-m,,,,0.0,0.0,1,high,
411,tencent-hunyuan-mt-7b,siliconflow,tencent/Hunyuan-MT-7B,,,,0.0,0.0,1,high,
412,deepseek-ai-deepseek-ocr,siliconflow-cn,deepseek-ai/DeepSeek-OCR,,,,0.0,0.0,1,high,
413,paddlepaddle-paddleocr-vl,siliconflow-cn,PaddlePaddle/PaddleOCR-VL,,,,0.0,0.0,1,high,
414,paddlepaddle-paddleocr-vl-1-5,siliconflow-cn,PaddlePaddle/PaddleOCR-VL-1.5,,,,0.0,0.0,1,high,
415,qwen-qwen3-5-4b,siliconflow-cn,Qwen/Qwen3.5-4B,,,,0.0,0.0,1,high,
416,tencent-hunyuan-mt-7b,siliconflow-cn,tencent/Hunyuan-MT-7B,,,,0.0,0.0,1,high,
417,text-completion-codestral-codestral-2405,text-completion-codestral,text-completion-codestral/codestral-2405,,,,0.0,0.0,1,high,
418,text-completion-codestral-codestral-latest,text-completion-codestral,text-completion-codestral/codestral-latest,,,,0.0,0.0,1,high,
419,together-ai-meta-llama-llama-3-3-70b-instruct-turbo-free,together_ai,together_ai/meta-llama/Llama-3.3-70B-Instruct-Turbo-Free,,,,0.0,0.0,1,high,
420,meta-llama-3-3-70b,vercel,meta/llama-3.3-70b,,,,0.0,0.0,1,high,
421,meta-llama-4-maverick,vercel,meta/llama-4-maverick,,,,0.0,0.0,1,high,
422,meta-llama-4-scout,vercel,meta/llama-4-scout,,,,0.0,0.0,1,high,
423,gemini-flash-experimental,vertex_ai-language-models,gemini-flash-experimental,,,,0.0,0.0,1,high,
424,vertex-ai-meta-llama-3-1-70b-instruct-maas,vertex_ai-llama_models,vertex_ai/meta/llama-3.1-70b-instruct-maas,,,,0.0,0.0,1,high,
425,vertex-ai-meta-llama-3-1-8b-instruct-maas,vertex_ai-llama_models,vertex_ai/meta/llama-3.1-8b-instruct-maas,,,,0.0,0.0,1,high,
426,vertex-ai-meta-llama-3-2-90b-vision-instruct-maas,vertex_ai-llama_models,vertex_ai/meta/llama-3.2-90b-vision-instruct-maas,,,,0.0,0.0,1,high,
427,vertex-ai-meta-llama3-405b-instruct-maas,vertex_ai-llama_models,vertex_ai/meta/llama3-405b-instruct-maas,,,,0.0,0.0,1,high,
428,vertex-ai-meta-llama3-70b-instruct-maas,vertex_ai-llama_models,vertex_ai/meta/llama3-70b-instruct-maas,,,,0.0,0.0,1,high,
429,vertex-ai-meta-llama3-8b-instruct-maas,vertex_ai-llama_models,vertex_ai/meta/llama3-8b-instruct-maas,,,,0.0,0.0,1,high,
430,deepseek-v3-2-251201,volcengine,deepseek-v3-2-251201,,,,0.0,0.0,1,high,
431,doubao-embedding,volcengine,doubao-embedding,,,,0.0,0.0,1,high,
432,doubao-embedding-large,volcengine,doubao-embedding-large,,,,0.0,0.0,1,high,
433,doubao-embedding-large-text-240915,volcengine,doubao-embedding-large-text-240915,,,,0.0,0.0,1,high,
434,doubao-embedding-large-text-250515,volcengine,doubao-embedding-large-text-250515,,,,0.0,0.0,1,high,
435,doubao-embedding-text-240715,volcengine,doubao-embedding-text-240715,,,,0.0,0.0,1,high,
436,glm-4-7-251222,volcengine,glm-4-7-251222,,,,0.0,0.0,1,high,
437,kimi-k2-thinking-251104,volcengine,kimi-k2-thinking-251104,,,,0.0,0.0,1,high,
438,glm-4-5-flash,zai,glm-4.5-flash,,,,0.0,0.0,1,high,
439,zai-glm-4-5-flash,zai,zai/glm-4.5-flash,,,,0.0,0.0,1,high,
440,glm-4-5-flash,zai-coding-plan,glm-4.5-flash,,,,0.0,0.0,1,high,
441,kuaishou-kat-coder-pro-v1-free,zenmux,kuaishou/kat-coder-pro-v1-free,,,,0.0,0.0,1,high,
442,stepfun-step-3-5-flash-free,zenmux,stepfun/step-3.5-flash-free,,,,0.0,0.0,1,high,
443,xiaomi-mimo-v2-flash-free,zenmux,xiaomi/mimo-v2-flash-free,,,,0.0,0.0,1,high,
444,z-ai-glm-4-6v-flash-free,zenmux,z-ai/glm-4.6v-flash-free,,,,0.0,0.0,1,high,
445,z-ai-glm-4-7-flash-free,zenmux,z-ai/glm-4.7-flash-free,,,,0.0,0.0,1,high,
446,glm-4-5-flash,zhipuai,glm-4.5-flash,,,,0.0,0.0,1,high,
447,glm-4-5-flash,zhipuai-coding-plan,glm-4.5-flash,,,,0.0,0.0,1,high,
448,glm-4-6v-flash,zhipuai-coding-plan,glm-4.6v-flash,,,,0.0,0.0,1,high,
449,gpt-5-1-codex-mini,github-copilot,gpt-5.1-codex-mini,83.6,,,0.0,0.0,1,rate_limited,83.6
450,claude-sonnet-4-6,github-copilot,claude-sonnet-4.6,77.2738795516267,,,0.0,0.0,1,rate_limited,77.2738795516267
451,claude-opus-4-6,github-copilot,claude-opus-4.6,71.95152795137273,,,0.0,0.0,1,rate_limited,71.95152795137273
452,gpt-5-2,github-copilot,gpt-5.2,70.88386541450528,,,0.0,0.0,1,rate_limited,70.88386541450528
453,gemini-3-pro-preview,github-copilot,gemini-3-pro-preview,70.81707212332901,,,0.0,0.0,1,rate_limited,70.81707212332901
454,grok-3-mini,github-models,xai/grok-3-mini,69.60000000000001,,,0.0,0.0,1,rate_limited,69.60000000000001
455,o3-mini,github-models,openai/o3-mini,68.2655850177883,,,0.0,0.0,1,rate_limited,68.2655850177883
456,o1,github-models,openai/o1,67.89999999999999,,,0.0,0.0,1,rate_limited,67.89999999999999
457,gpt-5-2-codex,github-copilot,gpt-5.2-codex,67.42117279529427,,,0.0,0.0,1,rate_limited,67.42117279529427
458,gpt-5-mini,github-copilot,gpt-5-mini,67.1455016036082,,,0.0,0.0,1,rate_limited,67.1455016036082
459,o3,github-models,openai/o3,66.16724383256802,,,0.0,0.0,1,rate_limited,66.16724383256802
460,gemini-2-5-pro,github-copilot,gemini-2.5-pro,66.09136800215045,,,0.0,0.0,1,rate_limited,66.09136800215045
461,grok-code-fast-1,github-copilot,grok-code-fast-1,65.70000000000002,,,0.0,0.0,1,rate_limited,65.70000000000002
462,claude-opus-4-5,github-copilot,claude-opus-4.5,65.1960547695707,,,0.0,0.0,1,rate_limited,65.1960547695707
463,gpt-5-1-codex,github-copilot,gpt-5.1-codex,64.22281818385954,,,0.0,0.0,1,rate_limited,64.22281818385954
464,gemini-3-flash-preview,github-copilot,gemini-3-flash-preview,62.84697050995431,,,0.0,0.0,1,rate_limited,62.84697050995431
465,claude-haiku-4-5,github-copilot,claude-haiku-4.5,59.8892736339012,,,0.0,0.0,1,rate_limited,59.8892736339012
466,claude-sonnet-4-5,github-copilot,claude-sonnet-4.5,59.72693732904148,,,0.0,0.0,1,rate_limited,59.72693732904148
467,gpt-5-1,github-copilot,gpt-5.1,59.42276473136001,,,0.0,0.0,1,rate_limited,59.42276473136001
468,o4-mini,github-models,openai/o4-mini,57.703887368541345,,,0.0,0.0,1,rate_limited,57.703887368541345
469,gpt-5,github-copilot,gpt-5,55.79999999999998,,,0.0,0.0,1,rate_limited,55.79999999999998
470,claude-sonnet-4,github-copilot,claude-sonnet-4,52.328723058480456,,,0.0,0.0,1,rate_limited,52.328723058480456
471,gpt-5-1-codex-max,github-copilot,gpt-5.1-codex-max,48.49999999999999,,,0.0,0.0,1,rate_limited,48.49999999999999
472,grok-3,github-models,xai/grok-3,42.50000000000001,,,0.0,0.0,1,rate_limited,42.50000000000001
473,gpt-4-1,github-models,openai/gpt-4.1,41.83033399777164,,,0.0,0.0,1,rate_limited,41.83033399777164
474,gpt-4-1,github-copilot,gpt-4.1,41.83033399777164,,,0.0,0.0,1,rate_limited,41.83033399777164
475,gpt-4-1-nano,github-models,openai/gpt-4.1-nano,32.599999999999994,,,0.0,0.0,1,rate_limited,32.599999999999994
476,gpt-4-1-mini,github-models,openai/gpt-4.1-mini,31.359111953008014,,,0.0,0.0,1,rate_limited,31.359111953008014
477,gpt-4o-mini,github-models,openai/gpt-4o-mini,23.400000000000002,,,0.0,0.0,1,rate_limited,23.400000000000002
478,gpt-4o,github-models,openai/gpt-4o,21.619999999999997,,,0.0,0.0,1,rate_limited,21.619999999999997
479,gpt-4o,github-copilot,gpt-4o,21.619999999999997,,,0.0,0.0,1,rate_limited,21.619999999999997
480,ai21-labs-ai21-jamba-1-5-large,github-models,ai21-labs/ai21-jamba-1.5-large,,,,0.0,0.0,1,rate_limited,
481,ai21-labs-ai21-jamba-1-5-mini,github-models,ai21-labs/ai21-jamba-1.5-mini,,,,0.0,0.0,1,rate_limited,
482,claude-opus-41,github-copilot,claude-opus-41,,,,0.0,0.0,1,rate_limited,
483,cohere-command-a,github-models,cohere/cohere-command-a,,,,0.0,0.0,1,rate_limited,
484,cohere-command-r,github-models,cohere/cohere-command-r,,,,0.0,0.0,1,rate_limited,
485,cohere-command-r-08-2024,github-models,cohere/cohere-command-r-08-2024,,,,0.0,0.0,1,rate_limited,
486,cohere-command-r-plus,github-models,cohere/cohere-command-r-plus,,,,0.0,0.0,1,rate_limited,
487,cohere-command-r-plus-08-2024,github-models,cohere/cohere-command-r-plus-08-2024,,,,0.0,0.0,1,rate_limited,
488,core42-jais-30b-chat,github-models,core42/jais-30b-chat,,,,0.0,0.0,1,rate_limited,
489,deepseek-deepseek-r1,github-models,deepseek/deepseek-r1,,,,0.0,0.0,1,rate_limited,
490,deepseek-deepseek-r1-0528,github-models,deepseek/deepseek-r1-0528,,,,0.0,0.0,1,rate_limited,
491,deepseek-deepseek-v3-0324,github-models,deepseek/deepseek-v3-0324,,,,0.0,0.0,1,rate_limited,
492,gemini-3-1-pro-preview,github-copilot,gemini-3.1-pro-preview,,,,0.0,0.0,1,rate_limited,
493,gpt-5-3-codex,github-copilot,gpt-5.3-codex,,,,0.0,0.0,1,rate_limited,
494,gpt-5-4,github-copilot,gpt-5.4,,,,0.0,0.0,1,rate_limited,
495,meta-llama-3-2-11b-vision-instruct,github-models,meta/llama-3.2-11b-vision-instruct,,,,0.0,0.0,1,rate_limited,
496,meta-llama-3-2-90b-vision-instruct,github-models,meta/llama-3.2-90b-vision-instruct,,,,0.0,0.0,1,rate_limited,
497,meta-llama-3-3-70b-instruct,github-models,meta/llama-3.3-70b-instruct,,,,0.0,0.0,1,rate_limited,
498,meta-llama-4-maverick-17b-128e-instruct-fp8,github-models,meta/llama-4-maverick-17b-128e-instruct-fp8,,,,0.0,0.0,1,rate_limited,
499,meta-llama-4-scout-17b-16e-instruct,github-models,meta/llama-4-scout-17b-16e-instruct,,,,0.0,0.0,1,rate_limited,
500,meta-meta-llama-3-1-405b-instruct,github-models,meta/meta-llama-3.1-405b-instruct,,,,0.0,0.0,1,rate_limited,
501,meta-meta-llama-3-1-70b-instruct,github-models,meta/meta-llama-3.1-70b-instruct,,,,0.0,0.0,1,rate_limited,
502,meta-meta-llama-3-1-8b-instruct,github-models,meta/meta-llama-3.1-8b-instruct,,,,0.0,0.0,1,rate_limited,
503,meta-meta-llama-3-70b-instruct,github-models,meta/meta-llama-3-70b-instruct,,,,0.0,0.0,1,rate_limited,
504,meta-meta-llama-3-8b-instruct,github-models,meta/meta-llama-3-8b-instruct,,,,0.0,0.0,1,rate_limited,
505,microsoft-mai-ds-r1,github-models,microsoft/mai-ds-r1,,,,0.0,0.0,1,rate_limited,
506,microsoft-phi-3-5-mini-instruct,github-models,microsoft/phi-3.5-mini-instruct,,,,0.0,0.0,1,rate_limited,
507,microsoft-phi-3-5-moe-instruct,github-models,microsoft/phi-3.5-moe-instruct,,,,0.0,0.0,1,rate_limited,
508,microsoft-phi-3-5-vision-instruct,github-models,microsoft/phi-3.5-vision-instruct,,,,0.0,0.0,1,rate_limited,
509,microsoft-phi-3-medium-128k-instruct,github-models,microsoft/phi-3-medium-128k-instruct,,,,0.0,0.0,1,rate_limited,
510,microsoft-phi-3-medium-4k-instruct,github-models,microsoft/phi-3-medium-4k-instruct,,,,0.0,0.0,1,rate_limited,
511,microsoft-phi-3-mini-128k-instruct,github-models,microsoft/phi-3-mini-128k-instruct,,,,0.0,0.0,1,rate_limited,
512,microsoft-phi-3-mini-4k-instruct,github-models,microsoft/phi-3-mini-4k-instruct,,,,0.0,0.0,1,rate_limited,
513,microsoft-phi-3-small-128k-instruct,github-models,microsoft/phi-3-small-128k-instruct,,,,0.0,0.0,1,rate_limited,
514,microsoft-phi-3-small-8k-instruct,github-models,microsoft/phi-3-small-8k-instruct,,,,0.0,0.0,1,rate_limited,
515,microsoft-phi-4,github-models,microsoft/phi-4,,,,0.0,0.0,1,rate_limited,
516,microsoft-phi-4-mini-instruct,github-models,microsoft/phi-4-mini-instruct,,,,0.0,0.0,1,rate_limited,
517,microsoft-phi-4-mini-reasoning,github-models,microsoft/phi-4-mini-reasoning,,,,0.0,0.0,1,rate_limited,
518,microsoft-phi-4-multimodal-instruct,github-models,microsoft/phi-4-multimodal-instruct,,,,0.0,0.0,1,rate_limited,
519,microsoft-phi-4-reasoning,github-models,microsoft/phi-4-reasoning,,,,0.0,0.0,1,rate_limited,
520,mistral-ai-codestral-2501,github-models,mistral-ai/codestral-2501,,,,0.0,0.0,1,rate_limited,
521,mistral-ai-ministral-3b,github-models,mistral-ai/ministral-3b,,,,0.0,0.0,1,rate_limited,
522,mistral-ai-mistral-large-2411,github-models,mistral-ai/mistral-large-2411,,,,0.0,0.0,1,rate_limited,
523,mistral-ai-mistral-medium-2505,github-models,mistral-ai/mistral-medium-2505,,,,0.0,0.0,1,rate_limited,
524,mistral-ai-mistral-nemo,github-models,mistral-ai/mistral-nemo,,,,0.0,0.0,1,rate_limited,
525,mistral-ai-mistral-small-2503,github-models,mistral-ai/mistral-small-2503,,,,0.0,0.0,1,rate_limited,
526,o1-mini,github-models,openai/o1-mini,,,,0.0,0.0,1,rate_limited,
527,o1-preview,github-models,openai/o1-preview,,,,0.0,0.0,1,rate_limited,
